,:ID,PKG_NAME,PAGE_RANK,:LABEL
1814737,npm1814737,tymly,2.9999381099204525,npm
1284540,npm1284540,mm-record,2.9999313283146294,npm
1804337,npm1804337,ts-es-node,2.999929415510381,npm
895753,npm895753,es-test-button,2.9999067828885635,npm
504579,npm504579,@types/kdbxweb,2.999868664261369,npm
1135355,npm1135355,jc-action-logger,2.999864681803565,npm
712844,npm712844,ceshitestobj1990,2.9998611920484297,npm
1223636,npm1223636,lo-utils,2.9998578905481827,npm
1513388,npm1513388,razy2,2.999846498758816,npm
1897995,npm1897995,web-state,2.999805827629022,npm
916404,npm916404,exif_stream,2.9997974430005603,npm
1469762,npm1469762,pr-one-branch,2.999796719675248,npm
636603,npm636603,aws-elasticsearch-reindex,2.9997879328253987,npm
713717,npm713717,cfn-api-gateway-deployment,2.999783131308864,npm
745373,npm745373,com.kirbyrawr.libsodium,2.999780590305771,npm
1592955,npm1592955,remote-sensor,2.9997766905289978,npm
57524,npm57524,@b2allsolution/relative-time,2.9997450820009504,npm
1604080,npm1604080,rewards-ds-css,2.9997349146417367,npm
1522684,npm1522684,react-continuous-scroll,2.9997189916077445,npm
502785,npm502785,@types/force-graph,2.999705297695674,npm
904128,npm904128,eslint-config-verit,2.999700150874042,npm
639739,npm639739,azrun,2.999695007705439,npm
639713,npm639713,azon.js,2.9996942014543397,npm
57693,npm57693,@babel/helper-create-regexp-features-plugin,2.99968754369796,npm
639948,npm639948,azure-arm-migrate-samples-ts,2.999679637951166,npm
1740487,npm1740487,tag-j,2.999678817362032,npm
1610968,npm1610968,rn-webview-file-viewer,2.999667073965213,npm
639783,npm639783,azu-typedoc,2.9996598734173414,npm
643760,npm643760,babel-plugin-s2s-axios-api-root,2.999641216749337,npm
1898426,npm1898426,web3-connector,2.9996319561255405,npm
1034303,npm1034303,gruntfile-convention-angular,2.999609964638551,npm
1802074,npm1802074,tron-util,2.9995966525349385,npm
1859806,npm1859806,voila-common,2.9995901063672474,npm
966749,npm966749,friday-async,2.9995729477453863,npm
1110075,npm1110075,infrastructure-socketio,2.999568542119122,npm
505722,npm505722,@types/move-concurrently,2.999567509014422,npm
1801649,npm1801649,triples-alf-js-api,2.9995566299159577,npm
643749,npm643749,babel-plugin-rxjs,2.9995485966268376,npm
1085314,npm1085314,hubot-snarktrack,2.999543457542619,npm
1290520,npm1290520,module-laimis,2.999541142627076,npm
1804347,npm1804347,ts-essentials-demisto,2.999536230669591,npm
1024600,npm1024600,grenston-package-test,2.9995050798806813,npm
508696,npm508696,@types/streamjs,2.9994694116371923,npm
508693,npm508693,@types/streamify-array,2.9994661628073707,npm
1823282,npm1823282,ui-qqjmd,2.999465878960184,npm
1669728,npm1669728,simple-test-package-consoles,2.9994639910398333,npm
1701595,npm1701595,ss-component-library,2.999462802346217,npm
1477976,npm1477976,project-menu,2.999455619354528,npm
1358738,npm1358738,node-bsdiff-android,2.999455272548179,npm
623466,npm623466,assert-custom,2.9994526069303693,npm
57521,npm57521,@b2allsolution/factory,2.9994524675324,npm
900343,npm900343,eslint-config-ibood,2.99945221333822,npm
632361,npm632361,auto-task,2.999449281824403,npm
1659296,npm1659296,shelltest,2.999445023403872,npm
905122,npm905122,eslint-plugin-appjson,2.999433955442467,npm
1144584,npm1144584,jolt-cronmaster,2.9994304140636,npm
808154,npm808154,dcicon,2.9994270173713864,npm
1398689,npm1398689,nut-cmd,2.999417460134074,npm
1124797,npm1124797,is-valid-ssn,2.9994102919885623,npm
742484,npm742484,coir-res,2.999403208237722,npm
1941089,npm1941089,xybpackage,2.9993858104301445,npm
784104,npm784104,crystal-network,2.999372339387014,npm
780258,npm780258,create_nodejs_module,2.999364394570051,npm
1368910,npm1368910,node-red-contrib-odoo-xmlrpc,2.9993584609318638,npm
905038,npm905038,eslint-plugin-actions-on-google,2.9993464930566924,npm
1876212,npm1876212,vue-pronto,2.99933695306968,npm
767877,npm767877,cosma-vue-multiselect,2.9993247220409023,npm
1898821,npm1898821,web7.18,2.999278444308385,npm
764764,npm764764,cordova-plugin-queue_manager,2.999275813916894,npm
671016,npm671016,block-cache,2.9992419991268418,npm
1943123,npm1943123,yamock,2.999236901361368,npm
1321125,npm1321125,mytrainms12,2.999233643098572,npm
57707,npm57707,@babel/helper-plugin-test-runner,2.9992233017909764,npm
1010534,npm1010534,gitorm,2.9992087528023816,npm
1276764,npm1276764,mina-web,2.999206764908484,npm
1837105,npm1837105,useful-regex,2.99918479202734,npm
1535008,npm1535008,react-loading-button-test-first-publish,2.99918112215615,npm
1656372,npm1656372,shadowbox-jf,2.999166223714644,npm
1211630,npm1211630,lilyjs,2.999164706536475,npm
1819076,npm1819076,typewriter-animation,2.9991612349450443,npm
1716357,npm1716357,string-indexes,2.999161169878923,npm
739573,npm739573,codecab-3d,2.99915530604141,npm
1280900,npm1280900,mirror,2.999130869878376,npm
639917,npm639917,azure-arm-iotcentral,2.999129162180448,npm
896007,npm896007,es6-dapp,2.999121340581792,npm
684565,npm684565,broccoli-coffee,2.999104293444853,npm
904844,npm904844,eslint-formatter-tradition,2.999101347954517,npm
905067,npm905067,eslint-plugin-ali,2.999082480782054,npm
717645,npm717645,chat-form,2.9990817991667456,npm
504284,npm504284,@types/jquery.payment,2.9990716381629343,npm
837985,npm837985,domla,2.999066941252633,npm
57700,npm57700,@babel/helper-function-name,2.99905613299597,npm
1630481,npm1630481,sample-testing-helloworld,2.9990557629492143,npm
1621187,npm1621187,rule-binder,2.9990554374786447,npm
1376979,npm1376979,nodebb-plugin-veegie-blog-comments,2.9990423711004217,npm
644487,npm644487,babel-plugin-transform-jsx-wxml,2.9990237520957344,npm
1152589,npm1152589,js-utils-deep,2.9990058332278293,npm
505845,npm505845,@types/nedb,2.99899600494856,npm
1740228,npm1740228,taco-generator,2.998988090210733,npm
1026063,npm1026063,groupcenter-dropdown-moneda-frontend,2.998976361117174,npm
527886,npm527886,@voxylu/react-native-bluetooth-serial,2.9989657520880204,npm
905864,npm905864,eslint-plugin-formatjs,2.9988966759736204,npm
527874,npm527874,@voxpelli/metadataparser,2.998896531760638,npm
901397,npm901397,eslint-config-mitchreece-base,2.998893692969405,npm
896003,npm896003,es6-css-loader,2.998891769463948,npm
904294,npm904294,eslint-config-web3studio,2.9988865874629336,npm
635620,npm635620,awesome-electron,2.998882598283595,npm
1644191,npm1644191,secured-proxy,2.99887146023634,npm
1777514,npm1777514,then-promise,2.9988712082086417,npm
905525,npm905525,eslint-plugin-declaration-quotes,2.9988543752797283,npm
1611797,npm1611797,robb,2.9988451277146777,npm
644628,npm644628,babel-plugin-transform-private-underscore,2.998801506542786,npm
459057,npm459057,@stdlib/strided-base-quinary,2.9987990597328595,npm
1415055,npm1415055,opencv4nodejs2,2.998794532836514,npm
1387467,npm1387467,npm-git-links,2.9987817652321955,npm
501110,npm501110,@types/c-struct,2.998776546588748,npm
800525,npm800525,dashboard-packages,2.998775250412898,npm
503603,npm503603,@types/has-package-self-reference,2.998771799797876,npm
1611167,npm1611167,rnconfig,2.998771620003156,npm
1921635,npm1921635,work-availability,2.998748750327094,npm
1801817,npm1801817,trivial,2.998740250455609,npm
1562550,npm1562550,react-rayr-icon,2.9987312465334552,npm
1612165,npm1612165,robot-hooks,2.9987236238963666,npm
1293094,npm1293094,moment-picker,2.9987233329422205,npm
1077718,npm1077718,hs1,2.998722074579557,npm
1630221,npm1630221,sample-gator,2.9987169818323727,npm
938795,npm938795,fget-downloader,2.9987155468197493,npm
727198,npm727198,ckeditor5-build-tony,2.998694353519826,npm
499851,npm499851,@tyo-cli/core,2.9986847767442124,npm
1643480,npm1643480,sebbot,2.9986821374234824,npm
639660,npm639660,aziz-todo,2.998670818392608,npm
966558,npm966558,freshdesk,2.9986700627646874,npm
631906,npm631906,auto-crud,2.998667935552749,npm
673081,npm673081,blueskynoise,2.9986596499146883,npm
1611257,npm1611257,rnet,2.9986197421011607,npm
1933936,npm1933936,xiaoh,2.998595575484137,npm
1462473,npm1462473,polysky-toolkit,2.9985953689992098,npm
527878,npm527878,@voxpelli/semver-set,2.9985770531408464,npm
412428,npm412428,@robotikzz/pdfkit,2.9985750294977422,npm
1041894,npm1041894,gulp-regex-json,2.99855681135191,npm
1488912,npm1488912,purepack-v0,2.9985512764718134,npm
1201147,npm1201147,leforem-node,2.9985510163450373,npm
1167560,npm1167560,kacangrebusdb,2.9985282124991284,npm
1152011,npm1152011,js-shared,2.998525535357536,npm
644903,npm644903,babel-plugin-trimmer,2.998516263589138,npm
1131147,npm1131147,j5-lvserial,2.9985109366379183,npm
57576,npm57576,@b360/stores,2.9984994066902653,npm
1292399,npm1292399,moking,2.9984629815047037,npm
1158059,npm1158059,json-to-openapi,2.998459053730216,npm
1434067,npm1434067,partybox,2.998426518590626,npm
1026001,npm1026001,group-key-value,2.998413703472707,npm
1039903,npm1039903,gulp-javascript-obfuscator-patch,2.99840737408332,npm
1047593,npm1047593,ha-tinymce,2.998392946874464,npm
869363,npm869363,egg-nuxt.js,2.998377662410912,npm
1812724,npm1812724,twilio-sounds,2.9983753588606934,npm
1911816,npm1911816,whl-test,2.9983694626179367,npm
1716630,npm1716630,string-store,2.998345330368449,npm
1150602,npm1150602,js-footer-version,2.9983168762578103,npm
478036,npm478036,@termtm/rest-service,2.998314942696064,npm
826310,npm826310,direct-usersystem,2.9982907115032544,npm
1317553,npm1317553,myfan-auth,2.9982665629504432,npm
643194,npm643194,babel-plugin-paths,2.998258416029164,npm
1804568,npm1804568,ts-gql-helpers,2.998254649729906,npm
500256,npm500256,@typepack/bundle,2.9982381619940157,npm
1041765,npm1041765,gulp-query-react,2.9982197765914838,npm
412416,npm412416,@robotd/gatsby-plugin-env-variables,2.9982162094621025,npm
643500,npm643500,babel-plugin-react-scope-binding,2.998206806713568,npm
1722917,npm1722917,suddenly-cli,2.9982038884213864,npm
644864,npm644864,babel-plugin-transform-user-env-inline,2.9982030070126457,npm
1612217,npm1612217,robotdm-cli-lib,2.998200975454594,npm
642999,npm642999,babel-plugin-module-extension,2.998198969380664,npm
1869650,npm1869650,vue-fast-rest,2.998158189988053,npm
57705,npm57705,@babel/helper-module-transforms,2.998155438559777,npm
1026143,npm1026143,groupmebot,2.9981508804562127,npm
57682,npm57682,@babel/eslint-plugin-development,2.998148563477959,npm
811391,npm811391,dedupe-parent-css-from-chunks-webpack-plugin,2.9981272947052804,npm
915163,npm915163,example_module,2.9981246369943584,npm
1485462,npm1485462,public-ip-cli,2.9981034772990607,npm
1221724,npm1221724,liyang-command-react,2.998068576590033,npm
1271206,npm1271206,mf-cv-tcc,2.998065196886288,npm
1463444,npm1463444,poor-mans-symbol,2.998038773794221,npm
1167697,npm1167697,kaer-hkblk,2.998033088626097,npm
1579849,npm1579849,reapp-routes,2.9980262800878865,npm
1701729,npm1701729,ss-rts,2.998024805375678,npm
1684467,npm1684467,sn-semantic-ui,2.998003556493461,npm
1933401,npm1933401,xhrequest,2.998001997278139,npm
36090,npm36090,@angular-ru/eslint-config-enterprise,2.9979636892024804,npm
904229,npm904229,eslint-config-vue2-roboleary,2.9979635372290723,npm
1026135,npm1026135,grouplog,2.9979579331140487,npm
675514,npm675514,bolts,2.997953461310037,npm
1568181,npm1568181,react-sortable-item-groups,2.9979309377144663,npm
478031,npm478031,@termtm/react,2.997910677862857,npm
922449,npm922449,express-uuap,2.997910177361976,npm
1724172,npm1724172,summerit-utils,2.997901835365978,npm
793694,npm793694,cy-cy-test,2.9978819619678165,npm
1830271,npm1830271,unpkg-test-comp,2.997857118590324,npm
103620,npm103620,@commercetools-backend/eslint-config-node,2.997831679327569,npm
1585906,npm1585906,redux-load-data,2.9978142135301558,npm
1377851,npm1377851,nodefm,2.9978104686789044,npm
1026096,npm1026096,groupdocs-viewer-cloud,2.997788967015767,npm
1151795,npm1151795,js-react-native-image-pan-zoom,2.9977887259185634,npm
1593323,npm1593323,remove-old-branches,2.997778937468259,npm
1669740,npm1669740,simple-text-buffer,2.9977721733198406,npm
1504563,npm1504563,ra-ror-jsonapi-client,2.9977607127488435,npm
1383053,npm1383053,northdata-viz,2.9977561126351686,npm
103617,npm103617,@commercelayer/vercel-builder,2.997712265203446,npm
1581280,npm1581280,recordrtc-nodejs,2.997704245814252,npm
811395,npm811395,dedupe-stream,2.997701456987277,npm
1000962,npm1000962,get-type-text,2.9976863677163346,npm
1803994,npm1803994,ts-comparator,2.9976457236249483,npm
913998,npm913998,evrythng-cli-plugin-account-config,2.997639573658175,npm
644637,npm644637,babel-plugin-transform-proto-to-assign-robust,2.9976388283779194,npm
1873744,npm1873744,vue-mini-toast,2.997624052057156,npm
839074,npm839074,dor-design-system,2.9976060775672675,npm
1740364,npm1740364,tadmin-storage,2.997605388170224,npm
1853262,npm1853262,vidstreaming-scraper,2.99756358689266,npm
735556,npm735556,cm6-theme-solarized-light,2.997536659485706,npm
1414545,npm1414545,openapi-diff,2.9975250809088965,npm
720596,npm720596,chestnut-ctrl-bodyjson,2.9975171121223947,npm
738027,npm738027,cobol-parsers,2.9975122035706114,npm
905151,npm905151,eslint-plugin-atom,2.997471258846398,npm
1201253,npm1201253,legacy-contracts-fixed,2.997470714833653,npm
1167987,npm1167987,kahooteer,2.9974440944344223,npm
1382787,npm1382787,normalize-volume,2.9974208441767,npm
906278,npm906278,eslint-plugin-kcd-egghead,2.9974168445997567,npm
889709,npm889709,enn-uview-template,2.997410651571484,npm
1178562,npm1178562,kk-fakturainnstillinger,2.997373147308888,npm
36087,npm36087,@angular-ru/dev-dependencies,2.997365061149781,npm
712861,npm712861,cesi-eatin-my-component,2.997355442523158,npm
1016687,npm1016687,good-injector,2.997336189407988,npm
502753,npm502753,@types/fluent,2.997315608156697,npm
1200521,npm1200521,learnstorybook-design-system-gizmo,2.997309845379526,npm
1495685,npm1495685,qmuzik-equipmentdolconsumptariff-shared,2.997308942785488,npm
1899623,npm1899623,webdetector,2.9973046568576565,npm
1467859,npm1467859,postleaf,2.997287007321743,npm
1019842,npm1019842,gpsfix,2.997284143621881,npm
1135464,npm1135464,jcast,2.9972391115500447,npm
1034809,npm1034809,gsmarena,2.997238897924924,npm
1249155,npm1249155,mapobj,2.9972336716664394,npm
1717145,npm1717145,strings-tool,2.997225721095861,npm
1963829,npm1963829,zhz-first-cli,2.9972239934539484,npm
1273783,npm1273783,microfeedback-github,2.9972237642765207,npm
894651,npm894651,err-logger,2.997223288746874,npm
1131195,npm1131195,j_hendy-js-footer,2.9972118857180914,npm
1834120,npm1834120,urtx,2.997202011692484,npm
1946979,npm1946979,yfitops-web,2.9971928153952323,npm
1684509,npm1684509,sn-test-requirehtml,2.9971865364859527,npm
781707,npm781707,cronapp_pwa,2.9971499651504057,npm
951528,npm951528,flex-grid-element,2.997130836688328,npm
478041,npm478041,@termtm/use-stateful,2.9971236270900894,npm
903025,npm903025,eslint-config-sf-common,2.9971185374466014,npm
460459,npm460459,@stephenwf/pkg-test,2.997101048192375,npm
1400681,npm1400681,nwf-js,2.997095030334984,npm
640053,npm640053,azure-aws-serverless-express,2.997086981097254,npm
1358224,npm1358224,node-authority,2.997057935270784,npm
1612221,npm1612221,roboter-cli,2.9970557891175997,npm
745865,npm745865,com.telerik.plugins.healthkit.ehr,2.997031189820652,npm
1354732,npm1354732,nio-sqlite-client,2.997024340331872,npm
727972,npm727972,cl4-app-webapp,2.9970233117530136,npm
1411374,npm1411374,once-init,2.996985126132738,npm
1035541,npm1035541,guan-ui,2.9969805821212936,npm
36088,npm36088,@angular-ru/eslint,2.996967240861698,npm
1689545,npm1689545,solidity-types,2.9969647528205225,npm
1857397,npm1857397,vite-plugin-windicss-elements-apply,2.9969500693471582,npm
1038732,npm1038732,gulp-file-include2,2.996942971573147,npm
750928,npm750928,components-iter-unidas,2.996916495926019,npm
1131309,npm1131309,jabberwock,2.9968955465156517,npm
642553,npm642553,babel-plugin-import-noop,2.9968746707632143,npm
663650,npm663650,biggulp,2.996856830609236,npm
1025656,npm1025656,grit,2.9968461683681884,npm
1819128,npm1819128,typhonjs-core-gulptasks,2.9968362717210124,npm
1561635,npm1561635,react-progress-loading,2.996786326943756,npm
503101,npm503101,@types/gapi.client.spectrum,2.9967573756836074,npm
644639,npm644639,babel-plugin-transform-proxy-compat,2.996730009631177,npm
1442123,npm1442123,penguinfinance-uikit2,2.996710693682789,npm
1040816,npm1040816,gulp-mode,2.996692456496857,npm
1040418,npm1040418,gulp-lit-styles,2.9966820947411343,npm
36105,npm36105,@angular-ru/prettier-config,2.9966580007528134,npm
1263907,npm1263907,meetup-jackson-area-web-app-developers,2.996642978886374,npm
621880,npm621880,asdasdasdservice-core,2.996631761906792,npm
1477711,npm1477711,project-automate-naxa,2.996618047552156,npm
938075,npm938075,ff-components,2.996594864758656,npm
57706,npm57706,@babel/helper-optimise-call-expression,2.9965881882349934,npm
412413,npm412413,@robotbros/react-native-open-settings,2.9965535006517947,npm
1428582,npm1428582,palavrasportugues,2.9965509965155377,npm
501488,npm501488,@types/common-prefix,2.9965509294926123,npm
36089,npm36089,@angular-ru/eslint-config,2.996537749637297,npm
1588317,npm1588317,reencoder-cli,2.9965296453123877,npm
883253,npm883253,ember-pdfjs2,2.996488508456524,npm
57692,npm57692,@babel/helper-create-class-features-plugin,2.9964875518410103,npm
506012,npm506012,@types/node-sass,2.9964867555662527,npm
1750025,npm1750025,temp-advance-stencil-comp,2.996486243025184,npm
1376788,npm1376788,nodebb-plugin-sso-dd4t,2.996483190819395,npm
780356,npm780356,createjs-libs,2.9964511844854,npm
1079578,npm1079578,html-to-text-cli,2.9963940500205526,npm
582186,npm582186,air-router,2.9963889916923696,npm
1390930,npm1390930,npm-test-package-pkg,2.996379883514986,npm
894265,npm894265,ericpengcard,2.9963715118974115,npm
645054,npm645054,babel-plugin-wpm,2.996363217590319,npm
1141723,npm1141723,jiuzhuanmantou,2.9963482357245965,npm
873647,npm873647,electron-forge-maker-zip-all,2.996342844709342,npm
594026,npm594026,analytics-daemons,2.996342117123282,npm
758646,npm758646,convert-number-to-aze-words,2.9963406734974964,npm
1011111,npm1011111,gizmogremlin_sse.js,2.996328964539026,npm
781524,npm781524,crocodile,2.9963167148227225,npm
507978,npm507978,@types/rison,2.9962951219227847,npm
1883024,npm1883024,vue3-delay-watch,2.9962725329190096,npm
1206402,npm1206402,lhz-fdxplugin,2.9962573778198,npm
921396,npm921396,express-request-validate,2.9962349665754497,npm
920514,npm920514,express-middle-slog,2.9962275357765384,npm
1611854,npm1611854,robertest,2.996225344899691,npm
460342,npm460342,@stendahls/cert-downloader,2.996222038113606,npm
1275493,npm1275493,mika,2.9961861594989534,npm
57591,npm57591,@b3w/infinity,2.996156463416096,npm
1825213,npm1825213,umd-npm-package,2.996150218916803,npm
412433,npm412433,@robotlegsjs/createjs,2.9961085825356872,npm
603198,npm603198,anissa_p14_modal,2.9960961768318914,npm
765788,npm765788,cordova-plugin-xinstall,2.9960871313255497,npm
1371356,npm1371356,node-run-cmd,2.9960750235810085,npm
1612254,npm1612254,robotlegs-signalmediator,2.996073320977051,npm
460365,npm460365,@step2yeung/inspectpack,2.9960729876538847,npm
1216641,npm1216641,lion-lib-raza,2.9960351557789244,npm
1560023,npm1560023,react-pagination-box,2.9960305307645902,npm
810282,npm810282,debugwebrtc,2.9960020809392525,npm
757575,npm757575,context-test-helpers,2.9959886150198725,npm
804339,npm804339,dates-utilss,2.995988120053551,npm
903893,npm903893,eslint-config-ttdefault,2.995984761206885,npm
1168139,npm1168139,kairosdb-client,2.995963365515621,npm
1129542,npm1129542,iuuixx,2.995925220698442,npm
1326624,npm1326624,nativescript-onesignal-sdk,2.9959111327878354,npm
678813,npm678813,botanalytics-botframework-middleware,2.9959062329990287,npm
1476231,npm1476231,probot.io,2.995901413880617,npm
504602,npm504602,@types/keystonejs__auth-passport,2.9958774634922998,npm
1026013,npm1026013,group-reduce,2.9958657962771515,npm
684357,npm684357,brng,2.9958657326555205,npm
1611839,npm1611839,robert-test1,2.995861172962298,npm
36106,npm36106,@angular-ru/renovate,2.9958507126038687,npm
1152636,npm1152636,js-validation,2.995812243266629,npm
889722,npm889722,enniot-cloud-self,2.995801337901454,npm
1258371,npm1258371,mayur,2.995796664747634,npm
801777,npm801777,data-to-hash,2.995785448385991,npm
1103283,npm1103283,image-size,2.995776303578715,npm
871324,npm871324,ejs-extension,2.9957759653550524,npm
500243,npm500243,@typeofweb/server,2.9957503614215195,npm
958547,npm958547,fontsource-nanum-brush-script,2.995740591001041,npm
36094,npm36094,@angular-ru/hello-world,2.99571874000887,npm
1221422,npm1221422,liveview-rust,2.995659318894194,npm
911080,npm911080,etroynov-test-components,2.995657914103364,npm
794560,npm794560,cylon-i2cexpander,2.995632202566488,npm
903233,npm903233,eslint-config-socialengine,2.995608356691091,npm
1718504,npm1718504,stubborn-fs,2.9955878730446077,npm
1225582,npm1225582,location-stringify,2.995586602780419,npm
1093377,npm1093377,ias-data-transfer,2.9955446402555648,npm
1036483,npm1036483,gulp-am-transport,2.9955209082112537,npm
1284843,npm1284843,mmh,2.9955052948474643,npm
502838,npm502838,@types/fs-extra,2.995459546117025,npm
1480706,npm1480706,propelcss,2.995438075037301,npm
1297001,npm1297001,mongooserest,2.995411577970116,npm
1777497,npm1777497,then-jade,2.9953937981846424,npm
752506,npm752506,concordialang-ui-core,2.995389153397648,npm
1124229,npm1124229,is-polygon,2.9953793317486017,npm
57566,npm57566,@b360/orders,2.995369937745957,npm
1697006,npm1697006,split-csv,2.995341126242323,npm
700094,npm700094,callsigns,2.995338991359015,npm
1268409,npm1268409,meta-kit,2.995336865700431,npm
898118,npm898118,eslint-config-antife-2,2.9953146205276906,npm
527897,npm527897,@voyagerstudio/saturnfive,2.995282137835551,npm
1026016,npm1026016,group-single-select,2.995257332429809,npm
640667,npm640667,b-design,2.995234368459865,npm
1414564,npm1414564,openapi-extract,2.995189505930939,npm
300266,npm300266,@marvinxu/inline-script-webpack-plugin,2.995176025005891,npm
1738329,npm1738329,t-core-ui,2.9951578210031347,npm
1168264,npm1168264,kakakaakaaa11aaa3_returns_hello_jfrog2a,2.995157450623868,npm
1307158,npm1307158,multer-s3-multipart,2.995145702551298,npm
704319,npm704319,carcheck,2.9951419155427743,npm
1497793,npm1497793,qqclass20160305111,2.995105417494267,npm
1151933,npm1151933,js-scroll_puncture,2.99508872801667,npm
1276729,npm1276729,mina-kit,2.9950816138458163,npm
685882,npm685882,browser-reload-error-overlay-wepback-plugin,2.995065715592808,npm
657497,npm657497,bee-home,2.9950645199680794,npm
1037991,npm1037991,gulp-csscomb-lint,2.995060768665345,npm
1497566,npm1497566,qp-library,2.995036655625132,npm
1898319,npm1898319,web1612test,2.9950210717564496,npm
1895105,npm1895105,wdio-perfectotest-service,2.995013713253797,npm
915075,npm915075,example-shared-component,2.994990720573196,npm
757548,npm757548,context-permissions,2.9949650915096395,npm
1586417,npm1586417,redux-persist-expire,2.994951499582555,npm
429748,npm429748,@secret-agent/emulate-chrome-84,2.9949512020137603,npm
1029057,npm1029057,grunt-facebookhtml,2.9949386317982283,npm
1725650,npm1725650,super-registry,2.994899015286148,npm
1899758,npm1899758,webdriverio.samples,2.994858513289816,npm
1894919,npm1894919,wdft-geojson,2.9948406672270007,npm
507398,npm507398,@types/react-native-datawedge-intents,2.994829083698995,npm
1671278,npm1671278,simpleway,2.994790967312994,npm
1167741,npm1167741,kafka-common-utils,2.99478814644173,npm
36111,npm36111,@angular-ru/tsconfig.json,2.994784301106175,npm
22444,npm22444,@alifd/ice-register-form-block,2.994755169347738,npm
1039404,npm1039404,gulp-html-to-react,2.994748025307056,npm
1398048,npm1398048,numbered,2.994739194805848,npm
1750014,npm1750014,temme,2.994738459517432,npm
1785538,npm1785538,tiny-module-compiler,2.994726266769987,npm
1717705,npm1717705,strong-events,2.994722379453893,npm
1576133,npm1576133,react-zoomer,2.9946924168580424,npm
1841560,npm1841560,uziti-ui6,2.994681264114865,npm
1362176,npm1362176,node-graylog-oversea,2.994667074122904,npm
1064227,npm1064227,hexo-tag-vimhighlight,2.994649847349684,npm
644242,npm644242,babel-plugin-transform-enum-literal,2.9946490768135456,npm
738348,npm738348,coc-rest,2.9946125344757477,npm
1611196,npm1611196,rnd-ui-components,2.994573767835945,npm
527924,npm527924,@voypost/axios,2.9945542053342837,npm
1300411,npm1300411,mother-nature,2.994535107339521,npm
942452,npm942452,filter-object-of-objects,2.994528687225809,npm
1470459,npm1470459,prcheck,2.9945064443124365,npm
440440,npm440440,@simspace/nivo-marimekko,2.994488266832348,npm
1151567,npm1151567,js-pimcore-toolbox,2.9944607829177823,npm
1248220,npm1248220,map-component-js,2.994453863259876,npm
1484042,npm1484042,ps-scraper,2.9944366606517057,npm
642678,npm642678,babel-plugin-islin,2.9943996934884147,npm
1131389,npm1131389,jack-bien-vue,2.994398985313146,npm
785240,npm785240,csr-app,2.994392426388989,npm
1647239,npm1647239,senchen-cli,2.994387627630167,npm
1479619,npm1479619,promise-svg2img,2.9943618734686943,npm
1509834,npm1509834,random-sentence-generator,2.994358972307396,npm
1041726,npm1041726,gulp-qcss,2.99435427952276,npm
1646099,npm1646099,selftus-cal,2.9943470122549103,npm
460356,npm460356,@step-lang/step-core,2.994328391659873,npm
1168578,npm1168578,kalpa-inquirer,2.9943257202420184,npm
908663,npm908663,espn-ff-league-scraper,2.994317439854406,npm
1034756,npm1034756,gsi4rest,2.99430822324262,npm
1768821,npm1768821,test_project_1_saro_da,2.994296838561719,npm
36086,npm36086,@angular-ru/configs,2.9942782440069093,npm
758754,npm758754,convert-tsconfig-paths-to-webpack-aliases,2.994275505543801,npm
1618834,npm1618834,rs-admin,2.994237976620161,npm
1434342,npm1434342,passeljs,2.9942104633470983,npm
719382,npm719382,cheersoup,2.994209222004876,npm
910651,npm910651,ethers-private,2.9942063524055254,npm
750584,npm750584,component-slider,2.994120351053406,npm
412425,npm412425,@robotical/ricjs-robotical-addons,2.9940811514788104,npm
1593340,npm1593340,remove-react-proptypes,2.994067037665741,npm
1414166,npm1414166,open-interval-set,2.994061586333061,npm
1359705,npm1359705,node-cronojobs,2.9940307712797027,npm
1889299,npm1889299,waitus,2.993957599318949,npm
229033,npm229033,@icmzendesk/common,2.993936759647008,npm
643099,npm643099,babel-plugin-nofn,2.9939080170093453,npm
662196,npm662196,bhtp-url,2.9939065025304124,npm
1225417,npm1225417,localstorageex,2.993892312726166,npm
1428574,npm1428574,palatable,2.993871530394881,npm
507051,npm507051,@types/rdfjs__serializer-rdfjs,2.9938487234176296,npm
901430,npm901430,eslint-config-mmontes11-node,2.9938282136941083,npm
508206,npm508206,@types/secure-password,2.9938090211952537,npm
926399,npm926399,fable-arch,2.9938002084745774,npm
1611949,npm1611949,robinliu-lerna-test1,2.993773810477585,npm
1575875,npm1575875,react-xrouter,2.9937318390699352,npm
1477805,npm1477805,project-dashboard,2.993722511276439,npm
508539,npm508539,@types/sparqljs,2.993691279867649,npm
1835642,npm1835642,use-localstorage-react,2.993687538154792,npm
1290698,npm1290698,module-svr,2.9936554161554705,npm
1776462,npm1776462,the-rang-mail,2.993636168036496,npm
1611626,npm1611626,roadhog-dev,2.993632713035585,npm
1660557,npm1660557,shipitjs,2.9936275046589387,npm
614531,npm614531,apricity,2.9936271770960903,npm
363244,npm363244,@ot-builder/ft-layout,2.993622941265545,npm
1167884,npm1167884,kafkajs-dg,2.9936183677965644,npm
1889030,npm1889030,waigo-plugin-method-override,2.9936164183886853,npm
642609,npm642609,babel-plugin-imports-transform,2.993614689819895,npm
904529,npm904529,eslint-config-xs,2.993602012520814,npm
1154583,npm1154583,jsft,2.9935964487216973,npm
592005,npm592005,amela-rn-cli,2.9935818937667245,npm
1223678,npm1223678,load-cli,2.9935736959394097,npm
36080,npm36080,@angular-ru/autowired,2.993573327530421,npm
36096,npm36096,@angular-ru/http,2.993538283872838,npm
1188181,npm1188181,kud-video-tag-debugger,2.9935293157291216,npm
1355145,npm1355145,nitrojs,2.993509572646853,npm
429742,npm429742,@secret-agent/emulate-browsers-base,2.9935074114802878,npm
904065,npm904065,eslint-config-us-config,2.993482417336068,npm
910880,npm910880,ethos-js-client,2.993442582350562,npm
1932584,npm1932584,xertz,2.993441084509845,npm
687960,npm687960,bscs-design-system-test,2.99343276286145,npm
1875627,npm1875627,vue-picture-input-kxtreme,2.993427124436404,npm
678376,npm678376,borrar,2.993408773144803,npm
57611,npm57611,@b4hkid/fahro-lib,2.9934085331455904,npm
57578,npm57578,@b3coded/js-brasil,2.9934004147769038,npm
1513789,npm1513789,rbr,2.9933978952002738,npm
1168013,npm1168013,kai-test,2.9933957436434846,npm
741610,npm741610,coffeenode-suspend,2.9933741674243186,npm
1935858,npm1935858,xlpinyin,2.993359824436783,npm
634311,npm634311,avatar-name-initials,2.993337153879711,npm
1595471,npm1595471,reprogressbars_props,2.9933036378646274,npm
690841,npm690841,buildaditi,2.9932759365342254,npm
1823392,npm1823392,ui-slider,2.9932734028350385,npm
1117212,npm1117212,io.redis.cluster,2.9932536691814984,npm
928826,npm928826,family-diary-api,2.9932174129425526,npm
784553,npm784553,cscb,2.993217142326372,npm
1201354,npm1201354,legatusir,2.993187132599761,npm
644635,npm644635,babel-plugin-transform-property-rename,2.993160311463525,npm
1819065,npm1819065,typewiselite,2.993149403715371,npm
1463320,npm1463320,pool2,2.9931357238062613,npm
22256,npm22256,@alidogu/datagrid,2.993127713491549,npm
500557,npm500557,@types/angular2,2.993112433163581,npm
1943106,npm1943106,yamlutil,2.9930794965073515,npm
412429,npm412429,@robotikzz/svg-to-pdfkit,2.993064015283656,npm
728705,npm728705,classb-assignm,2.993059689429845,npm
1076904,npm1076904,hp-line-message,2.9930593272426678,npm
1224129,npm1224129,loading-cli,2.9930294912744486,npm
1443398,npm1443398,permit-authorize,2.993027532371085,npm
640900,npm640900,b2caas-sdk.js,2.993023075542386,npm
751378,npm751378,composite,2.992991988817901,npm
955402,npm955402,fly-kit-imba,2.9929782947623647,npm
1907529,npm1907529,weex-plugin-getui-push,2.992915053927878,npm
1167753,npm1167753,kafka-error-retry,2.9928870317860112,npm
1851686,npm1851686,vh-spreadsheet,2.992872244673231,npm
1180242,npm1180242,knock,2.992849847797073,npm
729400,npm729400,cldr-rbnf,2.9928307055057046,npm
1830093,npm1830093,unoconv-server,2.9927995787920154,npm
906780,npm906780,eslint-plugin-no-use-extend-native,2.992792642222827,npm
1147521,npm1147521,jquery-json,2.992769629261102,npm
1339723,npm1339723,ng-arch-ui,2.9927639394717898,npm
1561549,npm1561549,react-prism,2.99275517828158,npm
1224047,npm1224047,loader-learn-loader,2.992691205760754,npm
1943151,npm1943151,yamrt-test-nm,2.992663330233432,npm
1156816,npm1156816,json-log4js,2.9926567229652026,npm
1078743,npm1078743,html-email-rc,2.992636090806025,npm
1038393,npm1038393,gulp-editor,2.9926243209501173,npm
331752,npm331752,@neomasterr/daterangepicker,2.992617923834417,npm
694857,npm694857,byte-design-chart,2.9926166534127088,npm
57659,npm57659,@babakness/pipe-compose-types,2.9926042233156003,npm
1474730,npm1474730,print-tag,2.992585481184475,npm
1689510,npm1689510,solidity-parser-sc,2.9925629524203066,npm
1816094,npm1816094,typeface-alatsi,2.992559343008572,npm
1079372,npm1079372,html-stream-extractor,2.9925552779362787,npm
57525,npm57525,@b2b-alive/ts-error-generator,2.992523977224689,npm
1740770,npm1740770,tagpro-bot,2.992504815962027,npm
570771,npm570771,acahw-ruiliu-01,2.9924802271240045,npm
460387,npm460387,@stephanbit/flow,2.9924794669676205,npm
745246,npm745246,com.hibzz.console,2.992471331711104,npm
1689534,npm1689534,solidity-structure,2.9924216924281555,npm
1594281,npm1594281,reomio-lifecycles-compat,2.9923938568888437,npm
1805588,npm1805588,ts-react-default-props,2.992384697604744,npm
1655561,npm1655561,sg-template,2.9923650236105246,npm
1455503,npm1455503,platoai,2.992361662311544,npm
1594278,npm1594278,reolink,2.9923494074178474,npm
737169,npm737169,cns-lib,2.992341455599019,npm
508437,npm508437,@types/slackdown,2.9923257064594027,npm
641097,npm641097,ba-js-cookie-banner,2.9923139107096146,npm
641419,npm641419,babel-global-scope,2.992306339670923,npm
728093,npm728093,clamp.ts,2.992302886666785,npm
1462736,npm1462736,pomegranate-cli,2.99227555668152,npm
862393,npm862393,easy-ts-redux,2.9922692336296324,npm
501533,npm501533,@types/connect,2.992242493271478,npm
1939542,npm1939542,xuangangtest,2.9922303824536582,npm
1037770,npm1037770,gulp-core,2.992228504243055,npm
459066,npm459066,@stdlib/strided-base-unary-addon-dispatch,2.992204387112352,npm
1851607,npm1851607,vglokare-react-placeholder-image,2.992186584155592,npm
1108191,npm1108191,ind-fnd-geo-viewport,2.9921865090629085,npm
731338,npm731338,cli3-demo02,2.992177130794408,npm
1016122,npm1016122,golang-cover-parse,2.992166849319672,npm
1828389,npm1828389,unique-selector-2,2.9921571921763706,npm
1802082,npm1802082,tron_api_client,2.992136561255163,npm
157579,npm157579,@emeraldplatform/ui,2.9921182708984984,npm
756550,npm756550,construct-style-sheets-polyfill,2.9921109239238737,npm
502546,npm502546,@types/extsprintf,2.992066317623744,npm
644529,npm644529,babel-plugin-transform-minify-gql-template-literals,2.992061487371429,npm
1664463,npm1664463,signale-logger,2.992060648893163,npm
524231,npm524231,@vinayakkulkarni/v-tree,2.99205817264684,npm
615622,npm615622,arcade,2.99204986722541,npm
1380245,npm1380245,nodetest-eyes2design,2.992049052982024,npm
537822,npm537822,@weblake-ui/loader,2.9920355202328035,npm
1933537,npm1933537,xiabao-publish2,2.9920169351120256,npm
1803892,npm1803892,ts-chain,2.99200997097578,npm
1216712,npm1216712,lion-lib-sd4,2.992007813889193,npm
1317998,npm1317998,mygreatmodule,2.991915631721969,npm
1601323,npm1601323,reto,2.99191024807032,npm
1138534,npm1138534,jest-summary-reporter,2.9919088916545475,npm
535657,npm535657,@wearableintelligence/data-feed-consumer,2.9918913671580456,npm
1612057,npm1612057,robo_zipper_lib,2.991890257132776,npm
281917,npm281917,@lightfish/utils,2.991886669525904,npm
1443438,npm1443438,permute,2.9918838728440558,npm
739936,npm739936,codehouze_utils,2.9918656948044395,npm
1321737,npm1321737,n-01,2.991833156735421,npm
644489,npm644489,babel-plugin-transform-jsxstyle,2.991830420218965,npm
1933495,npm1933495,xi-cli,2.9918260209094063,npm
84273,npm84273,@canvas-fonts/noteworthy,2.9917928274632226,npm
919898,npm919898,express-header-authorize,2.9917782276141227,npm
1114300,npm1114300,insular-observer,2.991760484531662,npm
1647471,npm1647471,sendgrid-template-helper,2.991752650515104,npm
1479099,npm1479099,promise-dispatch,2.9917423827448744,npm
1147869,npm1147869,jquery-real-tap,2.991736806660355,npm
399769,npm399769,@rds/components,2.9917239534543545,npm
1902100,npm1902100,webpack-dev-nodejs,2.9917133096079342,npm
698718,npm698718,calcmodule,2.99170678401818,npm
1731223,npm1731223,svgclean,2.991696908125054,npm
877397,npm877397,elm-vue-bridge,2.991687294508542,npm
1898800,npm1898800,web4,2.9916786485046014,npm
1395870,npm1395870,nspc,2.99164068890165,npm
1026003,npm1026003,group-list,2.991601762864548,npm
1216581,npm1216581,lion-lib-pro,2.9915871747303946,npm
1168431,npm1168431,kaldiras,2.9915736255311427,npm
1048795,npm1048795,hakm-lib,2.9915666332036985,npm
1118006,npm1118006,iobroker.winsipbrowser,2.9915604761906027,npm
1362343,npm1362343,node-heartbeat,2.991555012508765,npm
1079397,npm1079397,html-supply-loader,2.991548834752677,npm
1528428,npm1528428,react-footer-hor,2.991520895760443,npm
900551,npm900551,eslint-config-jensrott,2.991518651092571,npm
1273833,npm1273833,microfront11,2.991495607894193,npm
1804601,npm1804601,ts-h264-live-player,2.991468331082518,npm
500019,npm500019,@typed/common,2.991413915545132,npm
501924,npm501924,@types/deep-freeze-strict,2.99136470247893,npm
729359,npm729359,cldr-cal-coptic-full,2.991359856822108,npm
57713,npm57713,@babel/helper-skip-transparent-expression-wrappers,2.9913470933035144,npm
1803823,npm1803823,ts-blink-css-modules-require-hook,2.991327795898078,npm
1039922,npm1039922,gulp-jest,2.991265629345324,npm
904265,npm904265,eslint-config-wantedly-typescript,2.991256875610313,npm
1659164,npm1659164,shell-telnet-client,2.9912430583190384,npm
1431861,npm1431861,parcelbyzhen,2.9912329479941544,npm
1035300,npm1035300,gtinoco-project-1d-cli-file-creator,2.9912312560658134,npm
727787,npm727787,cky-image-public,2.9912242407298124,npm
662489,npm662489,bi-logger-profile-events,2.991174062790946,npm
506542,npm506542,@types/pgwmodal,2.9911556265261448,npm
527908,npm527908,@voyant/ampersand-modal-view,2.991152842230041,npm
381323,npm381323,@podlove/html5-audio-driver,2.991108063182673,npm
1231727,npm1231727,loopback-push-notification,2.9910980450275684,npm
780277,npm780277,create_vue_ui_my_project,2.991095116157052,npm
877488,npm877488,elmws,2.991092699313465,npm
1466037,npm1466037,postcss-ketchup,2.991065743044464,npm
1160303,npm1160303,jsonx,2.991022057184788,npm
802264,npm802264,datadog-cdk-constructs-v2,2.991009371855755,npm
792948,npm792948,cw-redis,2.990996853462014,npm
527909,npm527909,@voydevichb/builder,2.99099079781378,npm
1682402,npm1682402,smartenv,2.990989224196222,npm
1264232,npm1264232,megrez,2.990974099856057,npm
1647602,npm1647602,sendy-client,2.990934523168658,npm
1728325,npm1728325,suuuu-xxxx-suuu-xs-saju,2.9909139429113,npm
57593,npm57593,@b3w/react-statistic,2.9909060310569044,npm
1472724,npm1472724,prettier-plugin-optimize-and-sort-imports,2.990899537710781,npm
878657,npm878657,embarkjs-ipfs,2.9908924872387086,npm
1881561,npm1881561,vue-weekly-schedule,2.990887494626412,npm
1334804,npm1334804,networkjs,2.990870841007683,npm
682895,npm682895,brave-tailwind-react,2.990863437081539,npm
1035303,npm1035303,gtip,2.9908531084477694,npm
930399,npm930399,fast-create-component-cli,2.990851784422886,npm
878613,npm878613,embark-process-logs-api,2.9908514577847853,npm
654007,npm654007,battlecouchjs,2.99081680307111,npm
1177631,npm1177631,kirin-view-base,2.990813496855941,npm
833481,npm833481,docanary,2.990798189568013,npm
672318,npm672318,blox-avatar,2.9907447262081623,npm
1042039,npm1042039,gulp-require-index,2.990721217349405,npm
1271208,npm1271208,mf-devcis,2.9906747399399274,npm
733144,npm733144,clones-with-immutable-args,2.990667091334438,npm
1899245,npm1899245,webboss-myvue-cli,2.990634731360751,npm
1167670,npm1167670,kadobot-test-gh-deploy,2.9906152464543774,npm
880173,npm880173,ember-cli-fill-murray-khieulq,2.9906083530290872,npm
527880,npm527880,@voxtecnologia/alert,2.990537447311524,npm
714131,npm714131,cgil-html-utils,2.990518758969048,npm
506237,npm506237,@types/openfin,2.990516590688707,npm
644314,npm644314,babel-plugin-transform-event,2.990508491635252,npm
877733,npm877733,elrpc,2.990492721345236,npm
157553,npm157553,@emerald-js/serverless-offline-dotenv,2.990465107926029,npm
1037147,npm1037147,gulp-bunder,2.9904640870516124,npm
1907771,npm1907771,wegweiser,2.990462521463116,npm
574438,npm574438,add-event-to-calendar,2.990461650498412,npm
1021140,npm1021140,grapesjs-preset-webpage-edited,2.990450729990098,npm
1076954,npm1076954,hp-taqe-rm,2.990443735409003,npm
897526,npm897526,eshake,2.990429286037226,npm
642399,npm642399,babel-plugin-graphql-raw,2.9904172409940384,npm
1830259,npm1830259,unpkg-dummy-deployable,2.9903710492099096,npm
502768,npm502768,@types/fluxible-addons-react,2.990354011308481,npm
36098,npm36098,@angular-ru/jest-utils,2.990349570166169,npm
417549,npm417549,@ryanburnette/url-path-to-local-path,2.9903390288038683,npm
1782356,npm1782356,tiger01,2.9903359299515504,npm
1804674,npm1804674,ts-immutable-json,2.9902837847229757,npm
1038263,npm1038263,gulp-dogescript,2.990257612434215,npm
1393261,npm1393261,npmgzip16,2.9902455433245674,npm
749903,npm749903,complibsixasix,2.990189389598359,npm
1644085,npm1644085,secure-link,2.990179191586161,npm
928568,npm928568,falcon-schema,2.990162148503104,npm
809757,npm809757,deathbycaptcha3,2.990138680802384,npm
1584913,npm1584913,redux-data-set,2.9901125904378065,npm
942455,npm942455,filter-observable-store,2.990088451158931,npm
1284078,npm1284078,ml_add,2.9900062318530427,npm
959803,npm959803,foreach-then,2.989994404387024,npm
1030154,npm1030154,grunt-inline-imgbase64,2.989990401119575,npm
1254184,npm1254184,mateng,2.9899825746132764,npm
1026015,npm1026015,group-similar,2.989963033939276,npm
300270,npm300270,@marvnet/express-dynamic-helpers-patch,2.989942668201788,npm
1285975,npm1285975,mobile-driver,2.9899100833914805,npm
1569357,npm1569357,react-stream-player,2.9898782999021822,npm
1467959,npm1467959,postmark-spamcheck,2.9898771031293685,npm
1018365,npm1018365,goose-express,2.9898604675763023,npm
661807,npm661807,bgg-axios,2.9898572092043585,npm
1301447,npm1301447,moya,2.989830255373156,npm
1714254,npm1714254,strapi-provider-upload-gdrive,2.9898132059857008,npm
1304636,npm1304636,msg91-lib,2.9897551109828315,npm
157573,npm157573,@emeraldplatform/eth-account,2.9897163681159493,npm
1451589,npm1451589,pip-services-memcached-node,2.9897153679791346,npm
879486,npm879486,ember-cli-broccoli-sane-watcher,2.9896911373358184,npm
1167704,npm1167704,kafae,2.9896636151935607,npm
879110,npm879110,ember-behave,2.989651900787844,npm
1611345,npm1611345,rnkit_verify,2.98963796886257,npm
1168154,npm1168154,kaishiba-ui,2.989628861518102,npm
35872,npm35872,@anglr/grid,2.9896256951806186,npm
527881,npm527881,@voxtecnologia/angular-forms,2.989566921302047,npm
1078482,npm1078482,html-arborist,2.9895600741320263,npm
478037,npm478037,@termtm/scrollmagic,2.989548481679667,npm
757453,npm757453,contentstream,2.9894937331601934,npm
1037492,npm1037492,gulp-coffeeify,2.98939205568861,npm
163409,npm163409,@etcpack/style-loader,2.9893731002871453,npm
1439076,npm1439076,pc-notifications-sp,2.9893718658516515,npm
1103108,npm1103108,image-picker,2.989367700957422,npm
1223976,npm1223976,loadable-webpack-plugin-fix,2.989327431466749,npm
1461759,npm1461759,poloniex-exchange-api,2.9892733265745832,npm
1135833,npm1135833,jctubio-frame-print,2.9892496592421347,npm
1383590,npm1383590,notal,2.9892467344744422,npm
1804384,npm1804384,ts-expose,2.9892440743016757,npm
1065321,npm1065321,hhmm,2.989239162725358,npm
1248008,npm1248008,manuh-bridge-mqtt,2.9892217185014385,npm
1717981,npm1717981,strtime,2.9892022029356404,npm
615261,npm615261,arangodb-adapter,2.989162642313267,npm
642745,npm642745,babel-plugin-jsx-classnames-advanced,2.9891005094189143,npm
631176,npm631176,auth0-ext-alpha,2.989090351021092,npm
1196728,npm1196728,lazy-sequence,2.989088809236545,npm
964815,npm964815,frameless,2.9890787983041305,npm
1907952,npm1907952,weighted,2.9890768492544426,npm
1108204,npm1108204,indata-npm-install-peers,2.989067803805256,npm
1530262,npm1530262,react-hash-router,2.989064095831396,npm
1783023,npm1783023,tima,2.989046645591454,npm
668790,npm668790,bjinkefeng123,2.9890401848090584,npm
610675,npm610675,aplus-as-promised,2.989017028780175,npm
1025411,npm1025411,gridsome-source-wordpress-wpml,2.989012694906916,npm
503311,npm503311,@types/google-cloud__datastore,2.9890092672724298,npm
1446969,npm1446969,phoeon,2.989008904156959,npm
1576105,npm1576105,react-zoom-component,2.988994573280886,npm
880017,npm880017,ember-cli-fill-murray-axle,2.9889503473959254,npm
1326566,npm1326566,nativescript-ng2-carousel-swipeable,2.988935604104657,npm
1080195,npm1080195,html5-canvas-image-resizer,2.9888957816631203,npm
902997,npm902997,eslint-config-sensu-react,2.988883034184928,npm
1718573,npm1718573,student-github-example,2.988882425133576,npm
896030,npm896030,es6-dom-helper,2.988879115284254,npm
1825540,npm1825540,umi-plugin-lodash,2.988847336307953,npm
866418,npm866418,editor-renderer,2.9888384053321526,npm
57709,npm57709,@babel/helper-regex,2.988813100163545,npm
1718060,npm1718060,structr-4-tasks,2.9888105795261275,npm
644114,npm644114,babel-plugin-transform-bluebird,2.9887947350656723,npm
1432709,npm1432709,parse-key,2.9887637584031648,npm
1591851,npm1591851,remark-lint-double-link,2.9887193358338005,npm
681954,npm681954,brain-games-first-project,2.9886989449604178,npm
57582,npm57582,@b3gm/prune-juice,2.988698431529731,npm
1503261,npm1503261,qwert13,2.9886805034582027,npm
887997,npm887997,enchantinggg4__brackets-viewer,2.988658110110205,npm
507599,npm507599,@types/react-router-transition,2.988648943245832,npm
455526,npm455526,@starkysclub/react-data-grid,2.9886479745335057,npm
1223994,npm1223994,loadbar,2.988647273574329,npm
905787,npm905787,eslint-plugin-fastify-security-rules,2.9886453661678463,npm
505402,npm505402,@types/match-sorter,2.9885901139671525,npm
1804819,npm1804819,ts-json-schema-generator,2.9885868534423032,npm
36084,npm36084,@angular-ru/commitlint-config,2.9885772187785054,npm
57567,npm57567,@b360/payment-gateways,2.988563813700725,npm
84263,npm84263,@canvas-fonts/courier-new,2.9885611077877745,npm
1746999,npm1746999,td-data-structures,2.9885287748368183,npm
1939744,npm1939744,xueyan-tools,2.988524468509998,npm
505541,npm505541,@types/meteor-persistent-session,2.988510478542094,npm
1094473,npm1094473,ice-render,2.988509785828722,npm
1803587,npm1803587,ts-app-components,2.9884606347289484,npm
1038681,npm1038681,gulp-faviconr,2.9884513339959597,npm
1168439,npm1168439,kaleboo,2.9884318237286247,npm
642508,npm642508,babel-plugin-import-customization,2.988422493670372,npm
1612114,npm1612114,robonomics-interface,2.988364687675108,npm
429755,npm429755,@secret-agent/emulate-humans-basic,2.988364284632156,npm
1554129,npm1554129,react-native-svg-pan-zoom,2.988360399707548,npm
645521,npm645521,babel-preset-es2104,2.9883461375025333,npm
902905,npm902905,eslint-config-satya164,2.988324968557507,npm
1612208,npm1612208,robot_motor.ino,2.988310903330164,npm
866280,npm866280,edited,2.988304470993882,npm
84286,npm84286,@canvas-js/cli,2.98829724601797,npm
822310,npm822310,dhc-mjml-core,2.988294229567787,npm
35877,npm35877,@anglr/server-stuff,2.9881928771226502,npm
1597320,npm1597320,res-echo,2.988187856145074,npm
35876,npm35876,@anglr/select,2.988153308478,npm
1010678,npm1010678,gitshu,2.988137765572954,npm
930277,npm930277,fast-bake,2.9880972719630656,npm
1026025,npm1026025,group.min.js,2.988068371030702,npm
1780128,npm1780128,threecs,2.988029910861045,npm
1156365,npm1156365,json-dupe-removal,2.9880002666371013,npm
1224078,npm1224078,loader365,2.987970506463162,npm
527882,npm527882,@voxtecnologia/file-upload,2.9879455186131434,npm
350032,npm350032,@o295/eslint-config-ts,2.987940408382111,npm
1819118,npm1819118,typhon-cli-server,2.9878309361650164,npm
908585,npm908585,esparser,2.987814893976603,npm
527884,npm527884,@voxtl/types,2.9877874620447287,npm
350051,npm350051,@o2v/sync-proxy,2.9877174928055537,npm
1067639,npm1067639,hitheworld,2.987684839325768,npm
1015764,npm1015764,gods-pen-clis,2.987684715966144,npm
412411,npm412411,@robotandspark/ng-json-schema-form,2.987682547811242,npm
506320,npm506320,@types/p-progress,2.9876389894421527,npm
852520,npm852520,dsr-rollback-harem-seels-clasp-gemel,2.987634247874253,npm
163432,npm163432,@etermind/alex,2.987617606200672,npm
57674,npm57674,@babefinance/uikit,2.987591171620191,npm
331754,npm331754,@neomasterr/scroll,2.9875598900678897,npm
624598,npm624598,astonitm-vue-component,2.987526722006012,npm
783505,npm783505,crypto-magic,2.9875261626123084,npm
1025314,npm1025314,gridsome-plugin-segment-js,2.987525095489483,npm
1464208,npm1464208,portal-fe-devServer,2.9875247719907723,npm
902548,npm902548,eslint-config-react-monplan,2.9875139638741097,npm
745879,npm745879,com.test.talkingdatanpmtest,2.9875016350717374,npm
1851616,npm1851616,vgm-strip,2.987491097827979,npm
895134,npm895134,errors-handler-module,2.9874675210028827,npm
615466,npm615466,arc-array,2.9874665969341416,npm
1699533,npm1699533,sql-igniter,2.9874037914026443,npm
1612424,npm1612424,roc-abstract-package-base,2.9873701806285853,npm
350033,npm350033,@o295/eslint-config-vue,2.9873660003961224,npm
879322,npm879322,ember-cli,2.987338519500169,npm
1485151,npm1485151,pua.js,2.987322115657654,npm
1039460,npm1039460,gulp-htmlincluder,2.987264323390552,npm
499562,npm499562,@txgz999/my-schematics,2.987259533891125,npm
1694040,npm1694040,spangle-lite,2.9872581968152065,npm
929370,npm929370,fanjh_fs,2.9872416765473613,npm
878614,npm878614,embark-process-logs-api-manager,2.987236497625489,npm
839038,npm839038,dopost,2.9872023731485435,npm
1872992,npm1872992,vue-logconsole,2.9870982636832424,npm
910875,npm910875,ethomson-test5,2.987047955006011,npm
1522145,npm1522145,react-component-tooltip,2.987033688306037,npm
1089800,npm1089800,hyper-run,2.9870240849397307,npm
1081038,npm1081038,http-context-nodejs,2.9869980676795302,npm
1266662,npm1266662,merge-browser-packed,2.986987469772086,npm
499616,npm499616,@txp-cms/storyblok,2.986980958646293,npm
1716953,npm1716953,stringencoding,2.986976588925924,npm
866644,npm866644,editrowform,2.98690401693003,npm
769214,npm769214,country.min.js,2.9868915583199005,npm
1448461,npm1448461,pic-plug,2.9868802731920776,npm
499417,npm499417,@twreporter/react-components,2.986874662018607,npm
1516619,npm1516619,react-adsense-ads,2.9868698085102854,npm
643817,npm643817,babel-plugin-short-css-vars,2.986861980076859,npm
1434138,npm1434138,pasantes-document-viewer,2.9868451282531465,npm
1180575,npm1180575,knowledgetrak-website,2.9868258477307776,npm
1151132,npm1151132,js-logging,2.986817288132902,npm
1528807,npm1528807,react-forms-manager,2.986800751247253,npm
57698,npm57698,@babel/helper-explode-class,2.9867871728983357,npm
1733431,npm1733431,sweep-node,2.986736764326164,npm
1812829,npm1812829,twine-utils-with-links,2.986734277072367,npm
1612232,npm1612232,robotic-view,2.9867328099296184,npm
1124567,npm1124567,is-systemd,2.98672404395587,npm
1862124,npm1862124,vsee-clinic-rn,2.986718636819464,npm
1399753,npm1399753,nv-array-remove-with-value,2.9867181610358524,npm
867273,npm867273,ee-mysql,2.9866938644567678,npm
1251652,npm1251652,markedit,2.9866737061575366,npm
417192,npm417192,@rxap/icon,2.986636169597864,npm
738396,npm738396,coc-thrift-syntax-support,2.9866133847329275,npm
163439,npm163439,@eterna/eslint-config-react,2.986613371502396,npm
1463823,npm1463823,poptato-common,2.986601421110116,npm
939004,npm939004,fh-wfm-example-cloud,2.986593132700329,npm
1432698,npm1432698,parse-json-path,2.986588723608557,npm
1642938,npm1642938,search-functionality-vue,2.986548531566007,npm
643281,npm643281,babel-plugin-provide,2.986528942264464,npm
1012021,npm1012021,glass-vr,2.986496692718972,npm
503003,npm503003,@types/gapi.client.gkehub,2.986447366852535,npm
500988,npm500988,@types/bootstrap-colorpicker,2.9863884933963005,npm
36100,npm36100,@angular-ru/ng-excel-builder,2.9863748493296245,npm
1067779,npm1067779,hive-interface-rest-api,2.9863434674790272,npm
870514,npm870514,egw-ele-ui,2.9863288496713207,npm
460364,npm460364,@step2yeung/ember-cli-addon-guard,2.9863213120297507,npm
1841146,npm1841146,ux-state-machine,2.9863209909457358,npm
1461096,npm1461096,poker-engine,2.9863044445533373,npm
1328133,npm1328133,nb-amc-web-main,2.986278931113568,npm
1001426,npm1001426,getcode,2.986262634938657,npm
1035414,npm1035414,gtsaude-common,2.986242431400753,npm
1300860,npm1300860,mouse-hash,2.9862236788989067,npm
1593768,npm1593768,render-propper,2.9861973113989966,npm
1152033,npm1152033,js-signalr,2.98619402930522,npm
1319074,npm1319074,myone01,2.9861784072284374,npm
895055,npm895055,errorable-express-middleware,2.9861408441060844,npm
1814251,npm1814251,txt2html_version2,2.9861287167838158,npm
1484796,npm1484796,pt-react-tree,2.986095336333944,npm
1026918,npm1026918,grunt-appengine,2.986081832072678,npm
1950880,npm1950880,young-js-utils,2.986051180551463,npm
187287,npm187287,@form-it/core,2.986014713936216,npm
642989,npm642989,babel-plugin-mockable-imports,2.986013814451043,npm
738005,npm738005,cobc,2.9858789098965235,npm
404211,npm404211,@redux-eggs/saga-extension,2.985863778221705,npm
504337,npm504337,@types/js-image-zoom,2.9858521742687603,npm
1867927,npm1867927,vue-datafinder-analytics,2.985846161268588,npm
1079027,npm1079027,html-markdown-parse,2.985826581299437,npm
881654,npm881654,ember-contentful-delivery-adapter,2.985788824970573,npm
879829,npm879829,ember-cli-deploy-ssh-execute,2.9857791808483616,npm
506893,npm506893,@types/puppeteer,2.985720364165224,npm
187290,npm187290,@form-it/react-core,2.985706525859375,npm
1178804,npm1178804,kkpacka,2.985674785495897,npm
1458852,npm1458852,pm25-go,2.985664726070427,npm
889786,npm889786,enochjs-npm-test,2.985651696233794,npm
668200,npm668200,bitso-ts,2.9856352953271434,npm
1221731,npm1221731,liyangday2,2.985624645097553,npm
715360,npm715360,chakraui-lib-npm,2.985615010021815,npm
350035,npm350035,@o2htechnology/datetime,2.9856141952716,npm
57712,npm57712,@babel/helper-simple-access,2.9855542960368684,npm
527910,npm527910,@voydevichb/voydevichb,2.9855316894926887,npm
735857,npm735857,cmd-tokenize,2.9855169587868744,npm
976188,npm976188,gallows-game,2.985501668307601,npm
1285442,npm1285442,mnpm,2.985493534651201,npm
904275,npm904275,eslint-config-watsi,2.9854683903720844,npm
1933251,npm1933251,xhfn,2.9854649674797016,npm
163418,npm163418,@etec/scripts,2.985436246839245,npm
1611280,npm1611280,rng-test-demo,2.9854351002268924,npm
639879,npm639879,azure-arm-compute,2.9854257510969147,npm
1611428,npm1611428,rnpx-webpack-config,2.985422506219271,npm
500306,npm500306,@types/3d-bin-packing,2.9854194703511663,npm
1030693,npm1030693,grunt-lessless,2.985419395694668,npm
808768,npm808768,ddatabase,2.985418392675978,npm
585806,npm585806,alert-cc,2.985418226394486,npm
1147500,npm1147500,jquery-ios-select,2.985413388408815,npm
1040664,npm1040664,gulp-mdox,2.98541215899516,npm
1595339,npm1595339,repose,2.985349605290434,npm
902567,npm902567,eslint-config-react-native-r13v,2.9853484096787213,npm
880905,npm880905,ember-cli-offline-js,2.985341808674175,npm
751859,npm751859,compute-isinteger,2.98533717969801,npm
501030,npm501030,@types/breeze,2.985325755599437,npm
1499964,npm1499964,queezy-common,2.985322897404276,npm
1933477,npm1933477,xhy-portal-mobile,2.9853065928532985,npm
350280,npm350280,@oasislabs/client,2.9852752392249418,npm
1786144,npm1786144,tiny-xhr,2.985260168523424,npm
1235219,npm1235219,ltotl_cdn_z,2.9852295662381705,npm
779795,npm779795,create-vgc,2.985221054357864,npm
1218530,npm1218530,list-react-files,2.985220714042341,npm
785716,npm785716,css-grd,2.9851750830076025,npm
922112,npm922112,express-statics,2.985164140445523,npm
941584,npm941584,filelinker,2.9851582725186265,npm
507441,npm507441,@types/react-native-material-design-searchbar,2.9851572080849413,npm
1631736,npm1631736,sanity-codegen,2.9851403192070114,npm
675026,npm675026,boiler-test,2.985119990698715,npm
1717603,npm1717603,strmin,2.9851134153153045,npm
1363423,npm1363423,node-laravel-session-ahss-testing,2.9850924201172395,npm
564300,npm564300,@ztocwst/tracker,2.985087447605129,npm
1302582,npm1302582,mpvue-drag-sort,2.985050400263657,npm
642326,npm642326,babel-plugin-for-of-array-only,2.9849597717104,npm
1941148,npm1941148,xyh-jdbc,2.984955109660497,npm
1163759,npm1163759,june-recast-test,2.984941348154977,npm
921107,npm921107,express-problem-details,2.9849172961601127,npm
1578906,npm1578906,readline-vim,2.984902125502672,npm
1886204,npm1886204,vuettext,2.9848701273853164,npm
504333,npm504333,@types/js-data-http,2.9848142424479005,npm
1024292,npm1024292,greenhouse-jobboard-js,2.9848054699639937,npm
1223969,npm1223969,loadable-server,2.984801825978749,npm
1379755,npm1379755,nodeplate,2.9847940589483954,npm
877456,npm877456,elmeron-socket,2.984790133038519,npm
713107,npm713107,cezary-daniel-nowak-office-js-helpers,2.984784205121459,npm
1686031,npm1686031,snowpack-pawi,2.984783888269821,npm
1966167,npm1966167,zlogjs,2.984767102230139,npm
1462899,npm1462899,pomelo-wsclient,2.984741346410405,npm
1101159,npm1101159,illust-93475547,2.984731772996179,npm
1683626,npm1683626,smoore-c,2.984731589780656,npm
1456783,npm1456783,plightfield-bootstrangular,2.9846935142909445,npm
1454864,npm1454864,planepacker,2.9846708167282623,npm
1191709,npm1191709,lamassu-smtp2go,2.9846702068397377,npm
506616,npm506616,@types/plantuml-encoder,2.984661504230762,npm
381852,npm381852,@polkadot/apps-config,2.984631986813865,npm
499880,npm499880,@type-cacheable/lru-cache-adapter,2.984616663467844,npm
714002,npm714002,cg-point,2.9845735212615114,npm
1463112,npm1463112,ponete,2.984572329181091,npm
1111586,npm1111586,innogy-smarthome-lib,2.984572218456587,npm
1787706,npm1787706,tko.provider.virtual,2.9845366598664267,npm
1035078,npm1035078,gt-eslintrc,2.984511714022759,npm
882340,npm882340,ember-gen,2.9845091794689904,npm
213444,npm213444,@hamgom95/pick,2.984502800455899,npm
895270,npm895270,eruda-benchmark,2.9844838591132463,npm
687845,npm687845,bs5-toast,2.9844504033699946,npm
1695705,npm1695705,speigg-nativescript-geolocation,2.984426352071986,npm
1039058,npm1039058,gulp-glslify,2.9844104976212225,npm
726936,npm726936,ckeditor5-build-bifidex,2.984397732889417,npm
785448,npm785448,css-clears,2.984380941623562,npm
1168404,npm1168404,kalama-api,2.9843721462709545,npm
730835,npm730835,cli-nodebot,2.9843706563046517,npm
1216494,npm1216494,lion-lib-orig,2.9843474757063744,npm
1795897,npm1795897,trac-demo-1,2.984337543326932,npm
903773,npm903773,eslint-config-tms,2.9842721363121214,npm
1900500,npm1900500,webidl2ts,2.9842703677050992,npm
654050,npm654050,battleship-fr,2.9842580948808908,npm
505606,npm505606,@types/miniprogram-wxs,2.984241862670576,npm
1563378,npm1563378,react-refect,2.9842275242235896,npm
418727,npm418727,@ryancavanaugh/notify,2.984224964941629,npm
1469975,npm1469975,practice_module,2.984146848504474,npm
807903,npm807903,dc-web3-core-promievent,2.9841332198319748,npm
1734689,npm1734689,swk1998,2.984125772832101,npm
1408778,npm1408778,ok-react-use-form,2.984082569388413,npm
1455962,npm1455962,playerfm-desktop-app,2.984032914356267,npm
1841001,npm1841001,ux-m-person-evaluation-score,2.9840172852351805,npm
686218,npm686218,browserify-bower-release,2.984009433821269,npm
1401000,npm1401000,nxl_getfile,2.983997050329565,npm
1830352,npm1830352,unpolyfill,2.983979688907604,npm
1369993,npm1369993,node-red-contrib-toyota-myt,2.9839558055341606,npm
1036848,npm1036848,gulp-aws-stepfunctions-deploy,2.9839308364432267,npm
1799498,npm1799498,tree-hole,2.983921304721151,npm
187282,npm187282,@form-foundations/atoms,2.98391269819115,npm
460361,npm460361,@step-mobile/sdk,2.983845037502495,npm
1157833,npm1157833,json-string-merge,2.983827784409302,npm
1713143,npm1713143,storybook-readme-jest-fix,2.9838212275600817,npm
1647506,npm1647506,sendit-sdk,2.983815665838595,npm
499854,npm499854,@tyo-cli/init,2.9838050558674816,npm
57708,npm57708,@babel/helper-plugin-utils,2.9837927734173064,npm
1827834,npm1827834,unified-payroll,2.983735924686479,npm
644978,npm644978,babel-plugin-validate-ts,2.983688396702424,npm
640332,npm640332,azure-logger-cli,2.9836488431885537,npm
500302,npm500302,@types.zh-cn/vscode,2.9836349547258663,npm
1801945,npm1801945,troi,2.9835726398813023,npm
